{
    "products": [
      {
        "name": "Фотоплёнка ORWO Wolfen NC400 код: 4023",
        "description": "1 750₽",
        "image": "img/product1.jpg"
      },
      {
        "name": "Фотоплёнка ORWO Wolfen NC500 код: 4024",
        "description": "1 750₽",
        "image": "img/product2.jpg"
      },
      {
        "name": "Фотоплёнка HARMAN Phoenix 200 код: 4022",
        "description": "1 990₽",
        "image": "img/product3.jpg"
      },
      {
        "name": "Фотоплёнка Kodak ColorPlus 200 код: 2201",
        "description": "1 390₽",
        "image": "img/product4.jpg"
      },
      {
        "name": "Фотоплёнка Kodak ULTRAMAX 400 код: 2230",
        "description": "1 690₽",
        "image": "img/product5.jpg"
      },
      {
        "name": "Фотоплёнка Fujifilm 200 iso 36 кад. код: 2202",
        "description": "1 750₽",
        "image": "img/product6.jpg"
      },
      {
        "name": "Фотоплёнка Fujifilm 400 iso 36 кад. код: 2203",
        "description": "1 750₽",
        "image": "img/product7.jpg"
      },
      {
        "name": "Фотоплёнка Kodak Portra 160 код: 2232",
        "description": "1 990₽",
        "image": "img/product8.jpg"
      },
      {
        "name": "Фотоплёнка Ilford Delta 100 iso 12 кад. код: 2236",
        "description": "1 050₽",
        "image": "img/product9.jpg"
      },
      {
        "name": "Фотоплёнка Ilford Delta 400 iso 12 кад. код: 2670",
        "description": "1 090₽",
        "image": "img/product10.jpg"
      },
      {
        "name": "Фотоплёнка Ilford Delta 3200 iso 12 кад. код: 2237",
        "description": "1 390₽",
        "image": "img/product11.jpg"
      },
      {
        "name": "Фотоплёнка Ilford XP2 400 iso 36 кад. код: 2222",
        "description": "1 490₽",
        "image": "img/product12.jpg"
      }
    ]
  }
  